<?xml version="1.0" encoding="UTF-8"?>
<!DOCTYPE mapper PUBLIC "-//mybatis.org//DTD Mapper 3.0//EN" "http://mybatis.org/dtd/mybatis-3-mapper.dtd">
<mapper namespace="com.bj66nao.prod.center.srv.diagnosis.service.dao.mapper.CustomPlanItemMapper">
  <resultMap id="BaseResultMap" type="com.bj66nao.prod.center.srv.diagnosis.service.dao.entity.CustomPlanItem">
    <!--
      WARNING - @mbg.generated
      This element is automatically generated by MyBatis Generator, do not modify.
      This element was generated on Thu Dec 23 15:44:56 CST 2021.
    -->
    <id column="id" jdbcType="BIGINT" property="id" />
    <result column="plan_id" jdbcType="BIGINT" property="planId" />
    <result column="item_id" jdbcType="BIGINT" property="itemId" />
    <result column="create_dt3" jdbcType="TIMESTAMP" property="createDt3" />
    <result column="modify_dt3" jdbcType="TIMESTAMP" property="modifyDt3" />
    <result column="creator" jdbcType="VARCHAR" property="creator" />
    <result column="updater" jdbcType="VARCHAR" property="updater" />
    <result column="status" jdbcType="TINYINT" property="status" />
  </resultMap>
  <sql id="Example_Where_Clause">
    <!--
      WARNING - @mbg.generated
      This element is automatically generated by MyBatis Generator, do not modify.
      This element was generated on Thu Dec 23 15:44:56 CST 2021.
    -->
    <where>
      <foreach collection="oredCriteria" item="criteria" separator="or">
        <if test="criteria.valid">
          <trim prefix="(" prefixOverrides="and" suffix=")">
            <foreach collection="criteria.criteria" item="criterion">
              <choose>
                <when test="criterion.noValue">
                  and ${criterion.condition}
                </when>
                <when test="criterion.singleValue">
                  and ${criterion.condition} #{criterion.value}
                </when>
                <when test="criterion.betweenValue">
                  and ${criterion.condition} #{criterion.value} and #{criterion.secondValue}
                </when>
                <when test="criterion.listValue">
                  and ${criterion.condition}
                  <foreach close=")" collection="criterion.value" item="listItem" open="(" separator=",">
                    #{listItem}
                  </foreach>
                </when>
              </choose>
            </foreach>
          </trim>
        </if>
      </foreach>
    </where>
  </sql>
  <sql id="Update_By_Example_Where_Clause">
    <!--
      WARNING - @mbg.generated
      This element is automatically generated by MyBatis Generator, do not modify.
      This element was generated on Thu Dec 23 15:44:56 CST 2021.
    -->
    <where>
      <foreach collection="example.oredCriteria" item="criteria" separator="or">
        <if test="criteria.valid">
          <trim prefix="(" prefixOverrides="and" suffix=")">
            <foreach collection="criteria.criteria" item="criterion">
              <choose>
                <when test="criterion.noValue">
                  and ${criterion.condition}
                </when>
                <when test="criterion.singleValue">
                  and ${criterion.condition} #{criterion.value}
                </when>
                <when test="criterion.betweenValue">
                  and ${criterion.condition} #{criterion.value} and #{criterion.secondValue}
                </when>
                <when test="criterion.listValue">
                  and ${criterion.condition}
                  <foreach close=")" collection="criterion.value" item="listItem" open="(" separator=",">
                    #{listItem}
                  </foreach>
                </when>
              </choose>
            </foreach>
          </trim>
        </if>
      </foreach>
    </where>
  </sql>
  <sql id="Base_Column_List">
    <!--
      WARNING - @mbg.generated
      This element is automatically generated by MyBatis Generator, do not modify.
      This element was generated on Thu Dec 23 15:44:56 CST 2021.
    -->
    id, plan_id, item_id, create_dt3, modify_dt3, creator, updater, status
  </sql>
  <select id="selectByExample" parameterType="com.bj66nao.prod.center.srv.diagnosis.service.dao.entity.CustomPlanItemExample" resultMap="BaseResultMap">
    <!--
      WARNING - @mbg.generated
      This element is automatically generated by MyBatis Generator, do not modify.
      This element was generated on Thu Dec 23 15:44:56 CST 2021.
    -->
    select
    <if test="distinct">
      distinct
    </if>
    <include refid="Base_Column_List" />
    from custom_plan_item
    <if test="_parameter != null">
      <include refid="Example_Where_Clause" />
    </if>
    <if test="orderByClause != null">
      order by ${orderByClause}
    </if>
  </select>
  <select id="selectByPrimaryKey" parameterType="java.lang.Long" resultMap="BaseResultMap">
    <!--
      WARNING - @mbg.generated
      This element is automatically generated by MyBatis Generator, do not modify.
      This element was generated on Thu Dec 23 15:44:56 CST 2021.
    -->
    select 
    <include refid="Base_Column_List" />
    from custom_plan_item
    where id = #{id,jdbcType=BIGINT}
  </select>
  <delete id="deleteByPrimaryKey" parameterType="java.lang.Long">
    <!--
      WARNING - @mbg.generated
      This element is automatically generated by MyBatis Generator, do not modify.
      This element was generated on Thu Dec 23 15:44:56 CST 2021.
    -->
    delete from custom_plan_item
    where id = #{id,jdbcType=BIGINT}
  </delete>
  <delete id="deleteByExample" parameterType="com.bj66nao.prod.center.srv.diagnosis.service.dao.entity.CustomPlanItemExample">
    <!--
      WARNING - @mbg.generated
      This element is automatically generated by MyBatis Generator, do not modify.
      This element was generated on Thu Dec 23 15:44:56 CST 2021.
    -->
    delete from custom_plan_item
    <if test="_parameter != null">
      <include refid="Example_Where_Clause" />
    </if>
  </delete>
  <insert id="insert" parameterType="com.bj66nao.prod.center.srv.diagnosis.service.dao.entity.CustomPlanItem">
    <!--
      WARNING - @mbg.generated
      This element is automatically generated by MyBatis Generator, do not modify.
      This element was generated on Thu Dec 23 15:44:56 CST 2021.
    -->
    insert into custom_plan_item (id, plan_id, item_id, 
      create_dt3, modify_dt3, creator, 
      updater, status)
    values (#{id,jdbcType=BIGINT}, #{planId,jdbcType=BIGINT}, #{itemId,jdbcType=BIGINT}, 
      #{createDt3,jdbcType=TIMESTAMP}, #{modifyDt3,jdbcType=TIMESTAMP}, #{creator,jdbcType=VARCHAR}, 
      #{updater,jdbcType=VARCHAR}, #{status,jdbcType=TINYINT})
  </insert>
  <insert id="insertSelective" parameterType="com.bj66nao.prod.center.srv.diagnosis.service.dao.entity.CustomPlanItem">
    <!--
      WARNING - @mbg.generated
      This element is automatically generated by MyBatis Generator, do not modify.
      This element was generated on Thu Dec 23 15:44:56 CST 2021.
    -->
    insert into custom_plan_item
    <trim prefix="(" suffix=")" suffixOverrides=",">
      <if test="id != null">
        id,
      </if>
      <if test="planId != null">
        plan_id,
      </if>
      <if test="itemId != null">
        item_id,
      </if>
      <if test="createDt3 != null">
        create_dt3,
      </if>
      <if test="modifyDt3 != null">
        modify_dt3,
      </if>
      <if test="creator != null">
        creator,
      </if>
      <if test="updater != null">
        updater,
      </if>
      <if test="status != null">
        status,
      </if>
    </trim>
    <trim prefix="values (" suffix=")" suffixOverrides=",">
      <if test="id != null">
        #{id,jdbcType=BIGINT},
      </if>
      <if test="planId != null">
        #{planId,jdbcType=BIGINT},
      </if>
      <if test="itemId != null">
        #{itemId,jdbcType=BIGINT},
      </if>
      <if test="createDt3 != null">
        #{createDt3,jdbcType=TIMESTAMP},
      </if>
      <if test="modifyDt3 != null">
        #{modifyDt3,jdbcType=TIMESTAMP},
      </if>
      <if test="creator != null">
        #{creator,jdbcType=VARCHAR},
      </if>
      <if test="updater != null">
        #{updater,jdbcType=VARCHAR},
      </if>
      <if test="status != null">
        #{status,jdbcType=TINYINT},
      </if>
    </trim>
  </insert>
  <select id="countByExample" parameterType="com.bj66nao.prod.center.srv.diagnosis.service.dao.entity.CustomPlanItemExample" resultType="java.lang.Long">
    <!--
      WARNING - @mbg.generated
      This element is automatically generated by MyBatis Generator, do not modify.
      This element was generated on Thu Dec 23 15:44:56 CST 2021.
    -->
    select count(*) from custom_plan_item
    <if test="_parameter != null">
      <include refid="Example_Where_Clause" />
    </if>
  </select>
  <update id="updateByExampleSelective" parameterType="map">
    <!--
      WARNING - @mbg.generated
      This element is automatically generated by MyBatis Generator, do not modify.
      This element was generated on Thu Dec 23 15:44:56 CST 2021.
    -->
    update custom_plan_item
    <set>
      <if test="record.id != null">
        id = #{record.id,jdbcType=BIGINT},
      </if>
      <if test="record.planId != null">
        plan_id = #{record.planId,jdbcType=BIGINT},
      </if>
      <if test="record.itemId != null">
        item_id = #{record.itemId,jdbcType=BIGINT},
      </if>
      <if test="record.createDt3 != null">
        create_dt3 = #{record.createDt3,jdbcType=TIMESTAMP},
      </if>
      <if test="record.modifyDt3 != null">
        modify_dt3 = #{record.modifyDt3,jdbcType=TIMESTAMP},
      </if>
      <if test="record.creator != null">
        creator = #{record.creator,jdbcType=VARCHAR},
      </if>
      <if test="record.updater != null">
        updater = #{record.updater,jdbcType=VARCHAR},
      </if>
      <if test="record.status != null">
        status = #{record.status,jdbcType=TINYINT},
      </if>
    </set>
    <if test="_parameter != null">
      <include refid="Update_By_Example_Where_Clause" />
    </if>
  </update>
  <update id="updateByExample" parameterType="map">
    <!--
      WARNING - @mbg.generated
      This element is automatically generated by MyBatis Generator, do not modify.
      This element was generated on Thu Dec 23 15:44:56 CST 2021.
    -->
    update custom_plan_item
    set id = #{record.id,jdbcType=BIGINT},
      plan_id = #{record.planId,jdbcType=BIGINT},
      item_id = #{record.itemId,jdbcType=BIGINT},
      create_dt3 = #{record.createDt3,jdbcType=TIMESTAMP},
      modify_dt3 = #{record.modifyDt3,jdbcType=TIMESTAMP},
      creator = #{record.creator,jdbcType=VARCHAR},
      updater = #{record.updater,jdbcType=VARCHAR},
      status = #{record.status,jdbcType=TINYINT}
    <if test="_parameter != null">
      <include refid="Update_By_Example_Where_Clause" />
    </if>
  </update>
  <update id="updateByPrimaryKeySelective" parameterType="com.bj66nao.prod.center.srv.diagnosis.service.dao.entity.CustomPlanItem">
    <!--
      WARNING - @mbg.generated
      This element is automatically generated by MyBatis Generator, do not modify.
      This element was generated on Thu Dec 23 15:44:56 CST 2021.
    -->
    update custom_plan_item
    <set>
      <if test="planId != null">
        plan_id = #{planId,jdbcType=BIGINT},
      </if>
      <if test="itemId != null">
        item_id = #{itemId,jdbcType=BIGINT},
      </if>
      <if test="createDt3 != null">
        create_dt3 = #{createDt3,jdbcType=TIMESTAMP},
      </if>
      <if test="modifyDt3 != null">
        modify_dt3 = #{modifyDt3,jdbcType=TIMESTAMP},
      </if>
      <if test="creator != null">
        creator = #{creator,jdbcType=VARCHAR},
      </if>
      <if test="updater != null">
        updater = #{updater,jdbcType=VARCHAR},
      </if>
      <if test="status != null">
        status = #{status,jdbcType=TINYINT},
      </if>
    </set>
    where id = #{id,jdbcType=BIGINT}
  </update>
  <update id="updateByPrimaryKey" parameterType="com.bj66nao.prod.center.srv.diagnosis.service.dao.entity.CustomPlanItem">
    <!--
      WARNING - @mbg.generated
      This element is automatically generated by MyBatis Generator, do not modify.
      This element was generated on Thu Dec 23 15:44:56 CST 2021.
    -->
    update custom_plan_item
    set plan_id = #{planId,jdbcType=BIGINT},
      item_id = #{itemId,jdbcType=BIGINT},
      create_dt3 = #{createDt3,jdbcType=TIMESTAMP},
      modify_dt3 = #{modifyDt3,jdbcType=TIMESTAMP},
      creator = #{creator,jdbcType=VARCHAR},
      updater = #{updater,jdbcType=VARCHAR},
      status = #{status,jdbcType=TINYINT}
    where id = #{id,jdbcType=BIGINT}
  </update>
  <insert id="batchInsert">
    insert into custom_plan_item (plan_id, item_id, create_dt3, creator) values 
    <foreach index="index" collection="list" item="item" separator=",">
    	(#{item.planId,jdbcType=BIGINT}, #{item.itemId,jdbcType=BIGINT}, 
      #{item.createDt3,jdbcType=TIMESTAMP}, #{item.creator,jdbcType=VARCHAR})
    </foreach>
  </insert>
  <select id="selectByPlanId" parameterType="java.lang.Long" resultMap="BaseResultMap">
    select 
    <include refid="Base_Column_List" />
    from custom_plan_item
    where plan_id = #{planId,jdbcType=BIGINT}
  </select>
  <select id="selectByPlanIdList" resultMap="BaseResultMap">
    select 
    <include refid="Base_Column_List" />
    from custom_plan_item
    where plan_id in
    <foreach open="(" collection="planIdList" item="planId" separator="," close=")">
         #{planId,jdbcType=BIGINT}
    </foreach>
  </select>
  <delete id="deleteByPlanId" parameterType="java.lang.Long">
  	delete from custom_plan_item
    where plan_id = #{planId,jdbcType=BIGINT}
  </delete>
  
</mapper>