<?xml version="1.0" encoding="UTF-8"?>
<!DOCTYPE mapper PUBLIC "-//mybatis.org//DTD Mapper 3.0//EN" "http://mybatis.org/dtd/mybatis-3-mapper.dtd">
<mapper namespace="com.bj66nao.prod.center.srv.diagnosis.service.dao.mapper.CustomPlanMapper">
  <resultMap id="BaseResultMap" type="com.bj66nao.prod.center.srv.diagnosis.service.dao.entity.CustomPlan">
    <!--
      WARNING - @mbg.generated
      This element is automatically generated by MyBatis Generator, do not modify.
      This element was generated on Tue Jan 04 14:10:07 CST 2022.
    -->
    <id column="id" jdbcType="BIGINT" property="id" />
    <result column="plan_name" jdbcType="VARCHAR" property="planName" />
    <result column="plan_type" jdbcType="TINYINT" property="planType" />
    <result column="item_type" jdbcType="TINYINT" property="itemType" />
    <result column="item_count" jdbcType="INTEGER" property="itemCount" />
    <result column="proj_type" jdbcType="TINYINT" property="projType" />
    <result column="item_names" jdbcType="VARCHAR" property="itemNames" />
    <result column="create_dt3" jdbcType="TIMESTAMP" property="createDt3" />
    <result column="modify_dt3" jdbcType="TIMESTAMP" property="modifyDt3" />
    <result column="creator" jdbcType="VARCHAR" property="creator" />
    <result column="updater" jdbcType="VARCHAR" property="updater" />
    <result column="status" jdbcType="TINYINT" property="status" />
  </resultMap>
  <sql id="Example_Where_Clause">
    <!--
      WARNING - @mbg.generated
      This element is automatically generated by MyBatis Generator, do not modify.
      This element was generated on Tue Jan 04 14:10:07 CST 2022.
    -->
    <where>
      <foreach collection="oredCriteria" item="criteria" separator="or">
        <if test="criteria.valid">
          <trim prefix="(" prefixOverrides="and" suffix=")">
            <foreach collection="criteria.criteria" item="criterion">
              <choose>
                <when test="criterion.noValue">
                  and ${criterion.condition}
                </when>
                <when test="criterion.singleValue">
                  and ${criterion.condition} #{criterion.value}
                </when>
                <when test="criterion.betweenValue">
                  and ${criterion.condition} #{criterion.value} and #{criterion.secondValue}
                </when>
                <when test="criterion.listValue">
                  and ${criterion.condition}
                  <foreach close=")" collection="criterion.value" item="listItem" open="(" separator=",">
                    #{listItem}
                  </foreach>
                </when>
              </choose>
            </foreach>
          </trim>
        </if>
      </foreach>
    </where>
  </sql>
  <sql id="Update_By_Example_Where_Clause">
    <!--
      WARNING - @mbg.generated
      This element is automatically generated by MyBatis Generator, do not modify.
      This element was generated on Tue Jan 04 14:10:07 CST 2022.
    -->
    <where>
      <foreach collection="example.oredCriteria" item="criteria" separator="or">
        <if test="criteria.valid">
          <trim prefix="(" prefixOverrides="and" suffix=")">
            <foreach collection="criteria.criteria" item="criterion">
              <choose>
                <when test="criterion.noValue">
                  and ${criterion.condition}
                </when>
                <when test="criterion.singleValue">
                  and ${criterion.condition} #{criterion.value}
                </when>
                <when test="criterion.betweenValue">
                  and ${criterion.condition} #{criterion.value} and #{criterion.secondValue}
                </when>
                <when test="criterion.listValue">
                  and ${criterion.condition}
                  <foreach close=")" collection="criterion.value" item="listItem" open="(" separator=",">
                    #{listItem}
                  </foreach>
                </when>
              </choose>
            </foreach>
          </trim>
        </if>
      </foreach>
    </where>
  </sql>
  <sql id="Base_Column_List">
    <!--
      WARNING - @mbg.generated
      This element is automatically generated by MyBatis Generator, do not modify.
      This element was generated on Tue Jan 04 14:10:07 CST 2022.
    -->
    id, plan_name, plan_type, item_type, item_count, proj_type, item_names, create_dt3, 
    modify_dt3, creator, updater, status
  </sql>
  <select id="selectByExample" parameterType="com.bj66nao.prod.center.srv.diagnosis.service.dao.entity.CustomPlanExample" resultMap="BaseResultMap">
    <!--
      WARNING - @mbg.generated
      This element is automatically generated by MyBatis Generator, do not modify.
      This element was generated on Tue Jan 04 14:10:07 CST 2022.
    -->
    select
    <if test="distinct">
      distinct
    </if>
    <include refid="Base_Column_List" />
    from custom_plan
    <if test="_parameter != null">
      <include refid="Example_Where_Clause" />
    </if>
    <if test="orderByClause != null">
      order by ${orderByClause}
    </if>
  </select>
  <select id="selectByPrimaryKey" parameterType="java.lang.Long" resultMap="BaseResultMap">
    <!--
      WARNING - @mbg.generated
      This element is automatically generated by MyBatis Generator, do not modify.
      This element was generated on Tue Jan 04 14:10:07 CST 2022.
    -->
    select 
    <include refid="Base_Column_List" />
    from custom_plan
    where id = #{id,jdbcType=BIGINT}
  </select>
  <delete id="deleteByPrimaryKey" parameterType="java.lang.Long">
    <!--
      WARNING - @mbg.generated
      This element is automatically generated by MyBatis Generator, do not modify.
      This element was generated on Tue Jan 04 14:10:07 CST 2022.
    -->
    delete from custom_plan
    where id = #{id,jdbcType=BIGINT}
  </delete>
  <delete id="deleteByExample" parameterType="com.bj66nao.prod.center.srv.diagnosis.service.dao.entity.CustomPlanExample">
    <!--
      WARNING - @mbg.generated
      This element is automatically generated by MyBatis Generator, do not modify.
      This element was generated on Tue Jan 04 14:10:07 CST 2022.
    -->
    delete from custom_plan
    <if test="_parameter != null">
      <include refid="Example_Where_Clause" />
    </if>
  </delete>
  <insert id="insert" parameterType="com.bj66nao.prod.center.srv.diagnosis.service.dao.entity.CustomPlan">
    <!--
      WARNING - @mbg.generated
      This element is automatically generated by MyBatis Generator, do not modify.
      This element was generated on Tue Jan 04 14:10:07 CST 2022.
    -->
    <selectKey keyProperty="id" order="AFTER" resultType="java.lang.Long">
      SELECT LAST_INSERT_ID()
    </selectKey>
    insert into custom_plan (plan_name, plan_type, item_type, 
      item_count, proj_type, item_names, 
      create_dt3, modify_dt3, creator, 
      updater, status)
    values (#{planName,jdbcType=VARCHAR}, #{planType,jdbcType=TINYINT}, #{itemType,jdbcType=TINYINT}, 
      #{itemCount,jdbcType=INTEGER}, #{projType,jdbcType=TINYINT}, #{itemNames,jdbcType=VARCHAR}, 
      #{createDt3,jdbcType=TIMESTAMP}, #{modifyDt3,jdbcType=TIMESTAMP}, #{creator,jdbcType=VARCHAR}, 
      #{updater,jdbcType=VARCHAR}, #{status,jdbcType=TINYINT})
  </insert>
  <insert id="insertSelective" parameterType="com.bj66nao.prod.center.srv.diagnosis.service.dao.entity.CustomPlan">
    <!--
      WARNING - @mbg.generated
      This element is automatically generated by MyBatis Generator, do not modify.
      This element was generated on Tue Jan 04 14:10:07 CST 2022.
    -->
    <selectKey keyProperty="id" order="AFTER" resultType="java.lang.Long">
      SELECT LAST_INSERT_ID()
    </selectKey>
    insert into custom_plan
    <trim prefix="(" suffix=")" suffixOverrides=",">
      <if test="planName != null">
        plan_name,
      </if>
      <if test="planType != null">
        plan_type,
      </if>
      <if test="itemType != null">
        item_type,
      </if>
      <if test="itemCount != null">
        item_count,
      </if>
      <if test="projType != null">
        proj_type,
      </if>
      <if test="itemNames != null">
        item_names,
      </if>
      <if test="createDt3 != null">
        create_dt3,
      </if>
      <if test="modifyDt3 != null">
        modify_dt3,
      </if>
      <if test="creator != null">
        creator,
      </if>
      <if test="updater != null">
        updater,
      </if>
      <if test="status != null">
        status,
      </if>
    </trim>
    <trim prefix="values (" suffix=")" suffixOverrides=",">
      <if test="planName != null">
        #{planName,jdbcType=VARCHAR},
      </if>
      <if test="planType != null">
        #{planType,jdbcType=TINYINT},
      </if>
      <if test="itemType != null">
        #{itemType,jdbcType=TINYINT},
      </if>
      <if test="itemCount != null">
        #{itemCount,jdbcType=INTEGER},
      </if>
      <if test="projType != null">
        #{projType,jdbcType=TINYINT},
      </if>
      <if test="itemNames != null">
        #{itemNames,jdbcType=VARCHAR},
      </if>
      <if test="createDt3 != null">
        #{createDt3,jdbcType=TIMESTAMP},
      </if>
      <if test="modifyDt3 != null">
        #{modifyDt3,jdbcType=TIMESTAMP},
      </if>
      <if test="creator != null">
        #{creator,jdbcType=VARCHAR},
      </if>
      <if test="updater != null">
        #{updater,jdbcType=VARCHAR},
      </if>
      <if test="status != null">
        #{status,jdbcType=TINYINT},
      </if>
    </trim>
  </insert>
  <select id="countByExample" parameterType="com.bj66nao.prod.center.srv.diagnosis.service.dao.entity.CustomPlanExample" resultType="java.lang.Long">
    <!--
      WARNING - @mbg.generated
      This element is automatically generated by MyBatis Generator, do not modify.
      This element was generated on Tue Jan 04 14:10:07 CST 2022.
    -->
    select count(*) from custom_plan
    <if test="_parameter != null">
      <include refid="Example_Where_Clause" />
    </if>
  </select>
  <update id="updateByExampleSelective" parameterType="map">
    <!--
      WARNING - @mbg.generated
      This element is automatically generated by MyBatis Generator, do not modify.
      This element was generated on Tue Jan 04 14:10:07 CST 2022.
    -->
    update custom_plan
    <set>
      <if test="record.id != null">
        id = #{record.id,jdbcType=BIGINT},
      </if>
      <if test="record.planName != null">
        plan_name = #{record.planName,jdbcType=VARCHAR},
      </if>
      <if test="record.planType != null">
        plan_type = #{record.planType,jdbcType=TINYINT},
      </if>
      <if test="record.itemType != null">
        item_type = #{record.itemType,jdbcType=TINYINT},
      </if>
      <if test="record.itemCount != null">
        item_count = #{record.itemCount,jdbcType=INTEGER},
      </if>
      <if test="record.projType != null">
        proj_type = #{record.projType,jdbcType=TINYINT},
      </if>
      <if test="record.itemNames != null">
        item_names = #{record.itemNames,jdbcType=VARCHAR},
      </if>
      <if test="record.createDt3 != null">
        create_dt3 = #{record.createDt3,jdbcType=TIMESTAMP},
      </if>
      <if test="record.modifyDt3 != null">
        modify_dt3 = #{record.modifyDt3,jdbcType=TIMESTAMP},
      </if>
      <if test="record.creator != null">
        creator = #{record.creator,jdbcType=VARCHAR},
      </if>
      <if test="record.updater != null">
        updater = #{record.updater,jdbcType=VARCHAR},
      </if>
      <if test="record.status != null">
        status = #{record.status,jdbcType=TINYINT},
      </if>
    </set>
    <if test="_parameter != null">
      <include refid="Update_By_Example_Where_Clause" />
    </if>
  </update>
  <update id="updateByExample" parameterType="map">
    <!--
      WARNING - @mbg.generated
      This element is automatically generated by MyBatis Generator, do not modify.
      This element was generated on Tue Jan 04 14:10:07 CST 2022.
    -->
    update custom_plan
    set id = #{record.id,jdbcType=BIGINT},
      plan_name = #{record.planName,jdbcType=VARCHAR},
      plan_type = #{record.planType,jdbcType=TINYINT},
      item_type = #{record.itemType,jdbcType=TINYINT},
      item_count = #{record.itemCount,jdbcType=INTEGER},
      proj_type = #{record.projType,jdbcType=TINYINT},
      item_names = #{record.itemNames,jdbcType=VARCHAR},
      create_dt3 = #{record.createDt3,jdbcType=TIMESTAMP},
      modify_dt3 = #{record.modifyDt3,jdbcType=TIMESTAMP},
      creator = #{record.creator,jdbcType=VARCHAR},
      updater = #{record.updater,jdbcType=VARCHAR},
      status = #{record.status,jdbcType=TINYINT}
    <if test="_parameter != null">
      <include refid="Update_By_Example_Where_Clause" />
    </if>
  </update>
  <update id="updateByPrimaryKeySelective" parameterType="com.bj66nao.prod.center.srv.diagnosis.service.dao.entity.CustomPlan">
    <!--
      WARNING - @mbg.generated
      This element is automatically generated by MyBatis Generator, do not modify.
      This element was generated on Tue Jan 04 14:10:07 CST 2022.
    -->
    update custom_plan
    <set>
      <if test="planName != null">
        plan_name = #{planName,jdbcType=VARCHAR},
      </if>
      <if test="planType != null">
        plan_type = #{planType,jdbcType=TINYINT},
      </if>
      <if test="itemType != null">
        item_type = #{itemType,jdbcType=TINYINT},
      </if>
      <if test="itemCount != null">
        item_count = #{itemCount,jdbcType=INTEGER},
      </if>
      <if test="projType != null">
        proj_type = #{projType,jdbcType=TINYINT},
      </if>
      <if test="itemNames != null">
        item_names = #{itemNames,jdbcType=VARCHAR},
      </if>
      <if test="createDt3 != null">
        create_dt3 = #{createDt3,jdbcType=TIMESTAMP},
      </if>
      <if test="modifyDt3 != null">
        modify_dt3 = #{modifyDt3,jdbcType=TIMESTAMP},
      </if>
      <if test="creator != null">
        creator = #{creator,jdbcType=VARCHAR},
      </if>
      <if test="updater != null">
        updater = #{updater,jdbcType=VARCHAR},
      </if>
      <if test="status != null">
        status = #{status,jdbcType=TINYINT},
      </if>
    </set>
    where id = #{id,jdbcType=BIGINT}
  </update>
  <update id="updateByPrimaryKey" parameterType="com.bj66nao.prod.center.srv.diagnosis.service.dao.entity.CustomPlan">
    <!--
      WARNING - @mbg.generated
      This element is automatically generated by MyBatis Generator, do not modify.
      This element was generated on Tue Jan 04 14:10:07 CST 2022.
    -->
    update custom_plan
    set plan_name = #{planName,jdbcType=VARCHAR},
      plan_type = #{planType,jdbcType=TINYINT},
      item_type = #{itemType,jdbcType=TINYINT},
      item_count = #{itemCount,jdbcType=INTEGER},
      proj_type = #{projType,jdbcType=TINYINT},
      item_names = #{itemNames,jdbcType=VARCHAR},
      create_dt3 = #{createDt3,jdbcType=TIMESTAMP},
      modify_dt3 = #{modifyDt3,jdbcType=TIMESTAMP},
      creator = #{creator,jdbcType=VARCHAR},
      updater = #{updater,jdbcType=VARCHAR},
      status = #{status,jdbcType=TINYINT}
    where id = #{id,jdbcType=BIGINT}
  </update>
  <select id="selectByCondition" parameterType="com.bj66nao.prod.center.srv.diagnosis.service.dao.entity.CustomPlanCondition" resultMap="BaseResultMap">
  	<if test="planName != null">
  		<bind name="keyword" value="'%' + planName + '%'" />
  	</if>
    select
    <include refid="Base_Column_List" />
    from custom_plan
    <where>
      <if test="planName != null">
        (plan_name like #{keyword,jdbcType=VARCHAR} or item_names like #{keyword,jdbcType=VARCHAR})
      </if>
      <if test="planType != null">
        and plan_type = #{planType,jdbcType=TINYINT}
      </if>
      <if test="itemType != null">
        and item_type = #{itemType,jdbcType=TINYINT}
      </if>
      <if test="projType != null">
        and proj_type = #{projType,jdbcType=TINYINT}
      </if>
      <if test="creator != null">
        and creator = #{creator,jdbcType=VARCHAR}
      </if>
    </where>
    <if test="orderByClause != null">
      order by ${orderByClause}
    </if>
  </select>
    <select id="countByCreatorAndName" resultType="java.lang.Long">
    select count(*) from custom_plan
    <where>
      <if test="planName != null">
        plan_name = #{planName,jdbcType=VARCHAR}
      </if>
      <if test="creator != null">
        and creator = #{creator,jdbcType=VARCHAR}
      </if>
    </where>
  </select>
</mapper>